City_ID,City,Lat,Lng,Max Temp,Humidity,Cloudiness,Wind Speed,Current Description,Country,Date
0,Avarua,-21.21,-159.78,68.0,94,40,3.36,scattered clouds,CK,2020-11-08 14:14:38
1,Prince Rupert,54.32,-130.32,39.2,92,40,6.93,scattered clouds,CA,2020-11-08 14:18:09
2,Suntar,62.14,117.63,-2.45,91,0,3.89,clear sky,RU,2020-11-08 14:18:10
3,Ushuaia,-54.8,-68.3,51.8,53,40,17.22,scattered clouds,AR,2020-11-08 14:14:27
4,Tuatapere,-46.13,167.68,50.0,86,88,3.0,overcast clouds,NZ,2020-11-08 14:14:22
5,Moustheni,40.87,24.12,64.4,48,20,10.29,few clouds,GR,2020-11-08 14:18:10
6,Vitoria Da Conquista,-14.87,-40.84,75.81,73,89,7.58,light rain,BR,2020-11-08 14:17:06
7,Norman Wells,65.28,-126.83,17.6,78,75,8.05,broken clouds,CA,2020-11-08 14:11:42
8,Havoysund,71.0,24.66,35.6,74,40,29.97,shower rain,NO,2020-11-08 14:18:11
9,Saldanha,-33.01,17.94,68.0,49,58,10.29,broken clouds,ZA,2020-11-08 14:14:22
10,Stepnogorsk,52.35,71.89,38.37,75,19,24.63,few clouds,KZ,2020-11-08 14:18:11
11,Saint-Augustin,51.23,-58.65,28.04,74,0,11.14,clear sky,CA,2020-11-08 14:16:34
12,Torbay,47.67,-52.73,37.99,69,40,10.29,light rain,CA,2020-11-08 14:15:25
13,La Ronge,55.1,-105.28,14.0,85,100,9.17,overcast clouds,CA,2020-11-08 14:18:11
14,Vaini,-21.2,-175.2,73.4,88,20,6.93,few clouds,TO,2020-11-08 14:10:56
15,Saskylakh,71.92,114.08,-10.98,87,0,9.93,clear sky,RU,2020-11-08 14:10:57
16,Vardo,70.37,31.11,33.8,80,40,20.8,scattered clouds,NO,2020-11-08 14:15:07
17,Yellowknife,62.46,-114.35,21.2,92,90,3.36,light snow,CA,2020-11-08 14:14:25
18,Along,28.17,94.77,61.48,57,0,2.44,clear sky,IN,2020-11-08 14:12:39
19,Olafsvik,64.89,-23.71,42.15,72,63,17.94,broken clouds,IS,2020-11-08 14:16:02
20,Zlobin,45.29,14.65,64.4,42,0,3.36,clear sky,HR,2020-11-08 14:18:12
21,Jamestown,42.1,-79.24,46.4,75,1,5.82,clear sky,US,2020-11-08 14:14:22
22,Namatanai,-3.67,152.43,79.92,80,90,3.85,overcast clouds,PG,2020-11-08 14:16:23
23,Houma,29.6,-90.72,72.0,94,90,12.75,overcast clouds,US,2020-11-08 14:16:12
24,Punta Arenas,-53.15,-70.92,51.8,66,75,13.87,broken clouds,CL,2020-11-08 14:12:48
25,Longview,32.5,-94.74,64.99,93,90,5.82,overcast clouds,US,2020-11-08 14:15:46
26,Busselton,-33.65,115.33,61.0,61,4,7.96,clear sky,AU,2020-11-08 14:14:22
27,Klaksvik,62.23,-6.59,44.6,87,100,2.24,overcast clouds,FO,2020-11-08 14:16:24
28,Rikitea,-23.12,-134.97,71.42,78,100,18.9,overcast clouds,PF,2020-11-08 14:14:23
29,Mazatlan,23.22,-106.42,79.0,94,5,4.7,clear sky,MX,2020-11-08 14:18:13
30,Khorixas,-20.37,14.97,94.37,11,43,13.24,scattered clouds,NA,2020-11-08 14:18:14
31,Guapiles,10.22,-83.79,71.01,88,75,2.24,broken clouds,CR,2020-11-08 14:15:07
32,Narsaq,60.92,-46.05,33.8,80,100,10.29,light intensity shower rain,GL,2020-11-08 14:16:07
33,Iqaluit,63.75,-68.51,14.0,78,75,9.17,broken clouds,CA,2020-11-08 14:13:50
34,Hermanus,-34.42,19.23,59.0,84,18,5.99,light rain,ZA,2020-11-08 14:14:31
35,Takaka,-40.85,172.8,54.0,60,51,8.99,broken clouds,NZ,2020-11-08 14:18:14
36,Arraial Do Cabo,-22.97,-42.03,77.0,78,75,9.17,broken clouds,BR,2020-11-08 14:14:47
37,Mahebourg,-20.41,57.7,77.0,78,40,11.41,scattered clouds,MU,2020-11-08 14:14:41
38,Tiarei,-17.53,-149.33,75.2,83,20,3.36,few clouds,PF,2020-11-08 14:18:14
39,Puerto Ayora,-0.74,-90.35,70.0,76,100,8.01,overcast clouds,EC,2020-11-08 14:14:29
40,Hasaki,35.73,140.83,60.8,87,75,5.82,broken clouds,JP,2020-11-08 14:15:06
41,Boyuibe,-20.42,-63.28,80.6,44,40,11.32,smoke,BO,2020-11-08 14:18:15
42,Inhambane,-23.86,35.38,84.2,79,20,20.8,few clouds,MZ,2020-11-08 14:18:15
43,Acapulco,16.86,-99.89,77.0,88,20,3.4,few clouds,MX,2020-11-08 14:13:49
44,Severo-Kurilsk,50.68,156.12,34.48,83,82,1.3,broken clouds,RU,2020-11-08 14:14:45
45,Khatanga,71.97,102.5,7.75,91,100,16.06,overcast clouds,RU,2020-11-08 14:15:29
46,Kapaa,22.08,-159.32,78.8,78,40,9.17,scattered clouds,US,2020-11-08 14:14:37
47,Atuona,-9.8,-139.03,76.95,74,6,12.8,clear sky,PF,2020-11-08 14:14:25
48,Butaritari,3.07,172.79,81.01,66,66,5.75,broken clouds,KI,2020-11-08 14:14:23
49,East London,-33.02,27.91,73.4,64,40,10.29,scattered clouds,ZA,2020-11-08 14:10:58
50,Chuy,-33.7,-53.46,69.71,62,4,9.71,clear sky,UY,2020-11-08 14:16:11
51,Cascavel,-24.96,-53.46,86.18,33,0,8.34,clear sky,BR,2020-11-08 14:18:17
52,Mogadishu,2.04,45.34,82.4,65,75,9.17,broken clouds,SO,2020-11-08 14:16:17
53,Dunedin,-45.87,170.5,48.0,77,4,6.53,clear sky,NZ,2020-11-08 14:15:02
54,Kavieng,-2.57,150.8,81.72,71,9,0.45,clear sky,PG,2020-11-08 14:15:27
55,Faanui,-16.48,-151.75,78.35,78,0,11.23,light rain,PF,2020-11-08 14:11:56
56,Astoria,46.19,-123.83,30.2,92,1,4.7,clear sky,US,2020-11-08 14:18:18
57,Provideniya,64.38,-173.3,27.81,96,98,11.52,overcast clouds,RU,2020-11-08 14:14:44
58,Cape Town,-33.93,18.42,64.0,82,75,13.87,light rain,ZA,2020-11-08 14:14:33
59,Pingliang,35.54,106.69,37.0,84,100,4.0,overcast clouds,CN,2020-11-08 14:18:18
60,Cherskiy,68.75,161.3,4.44,94,100,2.19,overcast clouds,RU,2020-11-08 14:14:43
61,Haines Junction,60.75,-137.51,3.2,84,100,3.36,overcast clouds,CA,2020-11-08 14:18:19
62,Hirara,24.8,125.28,74.14,82,100,30.8,light rain,JP,2020-11-08 14:12:46
63,Castro,-24.79,-50.01,82.78,34,4,2.68,clear sky,BR,2020-11-08 14:14:24
64,Bluff,-46.6,168.33,50.0,86,74,3.0,broken clouds,NZ,2020-11-08 14:14:23
65,Chokurdakh,70.63,147.92,-6.48,93,100,1.19,overcast clouds,RU,2020-11-08 14:14:37
66,Bhigvan,18.32,74.77,76.26,48,0,10.16,clear sky,IN,2020-11-08 14:18:20
67,Flagstaff,35.2,-111.65,27.0,86,75,9.17,broken clouds,US,2020-11-08 14:17:02
68,Kruisfontein,-34.0,24.73,66.99,71,2,10.0,clear sky,ZA,2020-11-08 14:14:38
69,Port Hardy,50.7,-127.42,41.0,80,5,11.41,clear sky,CA,2020-11-08 14:14:42
70,Hithadhoo,-0.6,73.08,84.61,71,0,10.29,clear sky,MV,2020-11-08 14:14:34
71,Kahului,20.89,-156.47,78.8,65,1,12.75,clear sky,US,2020-11-08 14:14:26
72,New Norfolk,-42.78,147.06,48.0,69,6,1.74,clear sky,AU,2020-11-08 14:14:35
73,Cuenca,-2.88,-78.98,53.6,71,100,5.82,overcast clouds,EC,2020-11-08 14:18:21
74,Mar Del Plata,-38.0,-57.56,66.2,82,75,4.47,broken clouds,AR,2020-11-08 14:13:41
75,Kodiak,57.79,-152.41,48.2,81,40,5.82,scattered clouds,US,2020-11-08 14:12:56
76,Bredasdorp,-34.53,20.04,62.6,67,90,14.99,overcast clouds,ZA,2020-11-08 14:14:25
77,Jeremie,18.65,-74.12,81.55,75,100,4.92,overcast clouds,HT,2020-11-08 14:18:21
78,Huangchuan,32.13,115.04,58.33,36,0,4.14,clear sky,CN,2020-11-08 14:18:22
79,Sorso,40.8,8.58,73.4,60,0,2.24,clear sky,IT,2020-11-08 14:18:22
80,Marinette,45.1,-87.63,55.4,81,40,9.17,scattered clouds,US,2020-11-08 14:18:22
81,Reconquista,-29.15,-59.65,78.62,59,100,7.05,overcast clouds,AR,2020-11-08 14:18:23
82,Faya,18.39,42.45,69.8,64,40,16.11,scattered clouds,SA,2020-11-08 14:18:23
83,Georgetown,5.41,100.34,82.4,83,40,6.93,scattered clouds,MY,2020-11-08 14:10:18
84,Shache,38.42,77.24,44.98,44,32,7.23,scattered clouds,CN,2020-11-08 14:12:07
85,Port Blair,11.67,92.75,81.61,82,1,7.52,clear sky,IN,2020-11-08 14:14:22
86,Jalu,29.03,21.55,75.4,43,87,9.84,overcast clouds,LY,2020-11-08 14:15:39
87,Bowen,-20.02,148.23,75.2,69,90,12.75,overcast clouds,AU,2020-11-08 14:18:24
88,Hilo,19.73,-155.09,75.2,83,90,5.82,moderate rain,US,2020-11-08 14:10:17
89,Coquimbo,-29.95,-71.34,59.0,77,75,9.17,broken clouds,CL,2020-11-08 14:14:50
90,Port Elizabeth,-33.92,25.57,68.0,68,40,14.99,scattered clouds,ZA,2020-11-08 14:14:22
91,Lompoc,34.64,-120.46,51.8,76,75,14.18,broken clouds,US,2020-11-08 14:12:31
92,Marsa Matruh,31.35,27.25,70.66,74,100,18.95,moderate rain,EG,2020-11-08 14:18:24
93,Bambous Virieux,-20.34,57.76,77.0,78,40,11.41,scattered clouds,MU,2020-11-08 14:11:46
94,Muros,42.78,-9.06,61.0,82,40,13.87,scattered clouds,ES,2020-11-08 14:15:51
95,Mataura,-46.19,168.86,50.0,86,36,3.0,scattered clouds,NZ,2020-11-08 14:14:25
96,Yakima,46.47,-120.67,35.6,51,90,3.29,overcast clouds,US,2020-11-08 14:18:25
97,Corinth,37.94,22.96,68.0,42,35,9.8,scattered clouds,GR,2020-11-08 14:18:25
98,Albany,42.6,-73.97,53.01,100,40,1.59,scattered clouds,US,2020-11-08 14:10:34
99,Qaanaaq,77.48,-69.36,-5.57,73,96,10.78,overcast clouds,GL,2020-11-08 14:14:30
100,Port Keats,-14.25,129.55,85.05,67,0,6.46,clear sky,AU,2020-11-08 14:15:55
101,Lazaro Cardenas,17.96,-102.2,76.06,83,65,5.19,broken clouds,MX,2020-11-08 14:15:10
102,Troitsko-Pechorsk,62.71,56.2,29.75,99,100,4.94,overcast clouds,RU,2020-11-08 14:18:25
103,Upernavik,72.79,-56.15,0.09,75,0,6.73,clear sky,GL,2020-11-08 14:10:58
104,Vestmannaeyjar,63.44,-20.27,42.8,75,75,14.99,broken clouds,IS,2020-11-08 14:12:07
105,Berdyaush,55.16,59.15,32.27,94,85,19.01,overcast clouds,RU,2020-11-08 14:18:26
106,Antunez,19.02,-102.2,55.4,87,5,0.54,clear sky,MX,2020-11-08 14:18:26
107,Lavrentiya,65.58,-171.0,25.77,94,56,5.82,broken clouds,RU,2020-11-08 14:15:29
108,Nakhon Sawan,15.7,100.08,75.88,74,10,1.25,clear sky,TH,2020-11-08 14:18:26
109,Huntingdon,52.33,-0.19,59.0,86,83,2.06,broken clouds,GB,2020-11-08 14:14:18
110,Musoma,-1.5,33.8,80.6,61,40,11.41,scattered clouds,TZ,2020-11-08 14:18:27
111,Berlevag,70.86,29.09,36.09,86,100,29.8,overcast clouds,NO,2020-11-08 14:15:43
112,Orocue,4.79,-71.34,83.25,74,100,3.02,light rain,CO,2020-11-08 14:18:27
113,Bilma,18.69,12.92,83.43,21,0,3.2,clear sky,NE,2020-11-08 14:18:28
114,Lixourion,38.2,20.43,69.8,64,20,5.82,few clouds,GR,2020-11-08 14:18:28
115,Verkhnevilyuysk,63.45,120.32,-5.44,91,0,3.49,clear sky,RU,2020-11-08 14:18:29
116,Cabo San Lucas,22.89,-109.91,78.8,74,5,5.82,clear sky,MX,2020-11-08 14:10:03
117,Tiksi,71.69,128.87,-6.61,92,56,3.2,broken clouds,RU,2020-11-08 14:14:57
118,Petrivka,46.97,30.96,55.4,71,0,8.95,clear sky,UA,2020-11-08 14:18:29
119,Carnarvon,-24.87,113.63,69.8,77,75,14.99,broken clouds,AU,2020-11-08 14:10:57
120,Balabac,7.99,117.06,80.73,80,10,5.55,clear sky,PH,2020-11-08 14:18:30
121,Progreso,21.28,-89.67,79.0,94,5,3.36,clear sky,MX,2020-11-08 14:16:32
122,Samarai,-10.62,150.67,81.09,84,47,15.5,moderate rain,PG,2020-11-08 14:16:12
123,Caravelas,-17.71,-39.25,83.98,65,100,9.46,overcast clouds,BR,2020-11-08 14:16:11
124,San Cristobal,7.77,-72.22,75.2,94,75,3.36,broken clouds,VE,2020-11-08 14:15:15
125,Nemuro,43.32,145.57,46.15,73,95,15.95,light rain,JP,2020-11-08 14:13:16
126,Jumla,29.27,82.18,45.32,62,0,2.39,clear sky,NP,2020-11-08 14:18:31
127,Dzaoudzi,-12.79,45.27,86.0,66,0,5.82,clear sky,YT,2020-11-08 14:18:31
128,Port Alfred,-33.59,26.89,70.81,63,3,12.55,clear sky,ZA,2020-11-08 14:14:31
129,Dikson,73.51,80.55,1.65,94,100,9.82,overcast clouds,RU,2020-11-08 14:14:46
130,Galle,6.04,80.22,80.85,82,100,8.01,heavy intensity rain,LK,2020-11-08 14:15:07
131,Mahibadhoo,3.78,72.97,83.8,73,87,5.53,moderate rain,MV,2020-11-08 14:14:59
132,Hobart,-42.88,147.33,48.0,87,9,4.03,clear sky,AU,2020-11-08 14:11:24
133,Vila Franca Do Campo,37.72,-25.43,62.6,72,20,12.75,few clouds,PT,2020-11-08 14:15:04
134,Tucumcari,35.17,-103.72,53.6,76,40,11.41,scattered clouds,US,2020-11-08 14:18:32
135,Bardiyah,31.76,25.09,68.23,74,3,17.4,light rain,LY,2020-11-08 14:18:33
136,Mana,5.66,-53.78,84.85,68,97,11.63,overcast clouds,GF,2020-11-08 14:18:33
137,Neiafu,-18.65,-173.98,73.4,88,75,14.07,broken clouds,TO,2020-11-08 14:15:22
138,Esperance,-33.87,121.9,62.6,72,39,12.75,scattered clouds,AU,2020-11-08 14:14:32
139,Sitka,57.05,-135.33,37.4,74,90,3.36,overcast clouds,US,2020-11-08 14:15:17
140,Tigil,57.8,158.67,24.89,87,0,2.86,clear sky,RU,2020-11-08 14:14:46
141,Waddan,29.16,16.14,72.79,42,95,11.99,overcast clouds,LY,2020-11-08 14:18:34
142,Saint-Joseph,-21.37,55.62,77.0,73,90,21.92,overcast clouds,RE,2020-11-08 14:18:34
143,Alfeld,51.98,9.82,60.01,74,0,3.96,clear sky,DE,2020-11-08 14:18:34
144,Saint-Francois,46.42,3.91,64.4,63,0,6.93,clear sky,FR,2020-11-08 14:18:34
145,Magsalangi,12.18,123.57,78.48,86,100,2.37,overcast clouds,PH,2020-11-08 14:18:34
146,Puerto Leguizamo,-0.19,-74.78,75.79,96,100,0.34,light rain,CO,2020-11-08 14:15:02
147,Shingu,33.73,135.98,54.25,75,0,6.62,clear sky,JP,2020-11-08 14:18:35
148,Saint George,37.1,-113.58,43.0,56,90,12.75,overcast clouds,US,2020-11-08 14:13:19
149,Pisco,-13.7,-76.22,66.2,77,90,6.93,overcast clouds,PE,2020-11-08 14:11:55
150,Lima,-12.04,-77.03,66.2,77,75,9.17,broken clouds,PE,2020-11-08 14:12:39
151,Paamiut,61.99,-49.67,25.32,88,100,34.47,overcast clouds,GL,2020-11-08 14:15:04
152,Shibetsu,43.66,145.13,40.93,79,84,8.48,moderate rain,JP,2020-11-08 14:18:35
153,Kamiiso,41.82,140.65,40.75,70,54,23.24,broken clouds,JP,2020-11-08 14:18:35
154,Kargopol,61.51,38.95,34.48,85,100,12.28,overcast clouds,RU,2020-11-08 14:18:36
155,Gat,31.61,34.76,75.0,41,97,3.0,overcast clouds,IL,2020-11-08 14:09:56
156,Kousseri,12.08,15.03,95.0,17,0,6.93,clear sky,CM,2020-11-08 14:18:36
157,Khudumelapye,-23.88,24.75,99.28,16,67,8.95,broken clouds,BW,2020-11-08 14:18:36
158,Sisimiut,66.94,-53.67,11.37,85,0,11.05,clear sky,GL,2020-11-08 14:18:36
159,Tabou,4.42,-7.35,82.9,77,99,8.16,light rain,CI,2020-11-08 14:18:36
160,Kisangani,0.52,25.2,85.59,62,74,2.24,broken clouds,CD,2020-11-08 14:14:43
161,Inirida,3.87,-67.92,76.53,94,100,0.67,overcast clouds,CO,2020-11-08 14:15:29
162,Sorland,67.67,12.69,41.0,80,75,100.21,shower rain,NO,2020-11-08 14:14:56
163,Nioro,13.35,-15.75,102.15,16,0,9.6,clear sky,GM,2020-11-08 14:16:06
164,Kilindoni,-7.91,39.67,81.48,76,85,14.18,overcast clouds,TZ,2020-11-08 14:18:37
165,Hobyo,5.35,48.53,81.72,76,5,16.62,clear sky,SO,2020-11-08 14:18:37
166,Sturgeon Bay,44.83,-87.38,55.4,76,1,9.17,clear sky,US,2020-11-08 14:18:37
167,Thompson,55.74,-97.86,12.2,92,20,10.29,few clouds,CA,2020-11-08 14:10:24
168,Flinders,-34.58,150.86,60.01,79,81,1.01,broken clouds,AU,2020-11-08 14:12:15
169,Nikolskoye,59.7,30.79,41.0,64,0,11.18,clear sky,RU,2020-11-08 14:14:26
170,Balkhash,46.84,74.98,50.9,54,100,14.14,overcast clouds,KZ,2020-11-08 14:16:26
171,Mago,53.25,140.18,19.8,86,100,9.24,overcast clouds,RU,2020-11-08 14:18:39
172,Lebu,-37.62,-73.65,56.93,64,8,15.52,clear sky,CL,2020-11-08 14:15:02
173,Cayenne,4.93,-52.33,86.0,70,90,10.29,overcast clouds,GF,2020-11-08 14:13:24
174,Kaitangata,-46.28,169.85,46.99,82,14,3.0,few clouds,NZ,2020-11-08 14:14:29
175,Yar-Sale,66.83,70.83,24.17,98,74,4.88,broken clouds,RU,2020-11-08 14:14:40
176,Zhicheng,30.3,111.5,62.01,41,0,4.12,clear sky,CN,2020-11-08 14:18:39
177,Pechenga,69.53,31.17,33.8,80,20,44.96,few clouds,RU,2020-11-08 14:18:40
178,Mocuba,-16.84,36.99,106.23,14,95,6.6,overcast clouds,MZ,2020-11-08 14:18:40
179,Tuktoyaktuk,69.45,-133.04,17.92,95,37,8.77,scattered clouds,CA,2020-11-08 14:14:35
180,Katobu,-4.94,122.53,77.0,82,100,3.15,overcast clouds,ID,2020-11-08 14:18:40
181,Alice Springs,-23.7,133.88,78.8,16,1,9.17,clear sky,AU,2020-11-08 14:14:15
182,Half Moon Bay,37.46,-122.43,52.0,76,90,24.16,haze,US,2020-11-08 14:17:40
183,Bisira,8.52,-81.71,62.28,100,97,3.31,overcast clouds,PA,2020-11-08 14:18:41
184,Aripuana,-9.17,-60.63,92.91,42,19,4.25,few clouds,BR,2020-11-08 14:18:41
185,Boddam,57.47,-1.78,50.0,100,90,11.41,mist,GB,2020-11-08 14:18:41
186,Arroio Dos Ratos,-30.08,-51.73,75.2,69,75,13.87,broken clouds,BR,2020-11-08 14:18:42
187,Poplar Bluff,36.76,-90.39,64.4,93,90,4.7,overcast clouds,US,2020-11-08 14:18:42
188,Dire Dawa,9.59,41.87,83.91,21,11,17.4,few clouds,ET,2020-11-08 14:18:42
189,Poum,-20.23,164.02,75.22,77,82,18.88,broken clouds,NC,2020-11-08 14:14:33
190,Praia Da Vitoria,38.73,-27.07,60.01,85,17,5.01,few clouds,PT,2020-11-08 14:18:42
191,Saint-Philippe,-21.36,55.77,77.0,73,90,21.92,overcast clouds,RE,2020-11-08 14:15:28
192,Port Augusta,-32.5,137.77,68.0,52,31,6.93,scattered clouds,AU,2020-11-08 14:14:50
193,Posadas,-27.37,-55.9,80.6,61,0,3.36,clear sky,AR,2020-11-08 14:18:43
194,Bathsheba,13.22,-59.52,86.0,74,40,14.99,scattered clouds,BB,2020-11-08 14:15:31
195,Vao,-22.67,167.48,71.69,78,0,16.53,clear sky,NC,2020-11-08 14:12:26
196,Port Hawkesbury,45.62,-61.35,43.0,65,1,5.82,clear sky,CA,2020-11-08 14:18:43
197,Aranos,-24.13,19.12,93.54,11,65,3.11,broken clouds,NA,2020-11-08 14:18:44
198,Beringovskiy,63.05,179.32,21.22,93,20,14.05,few clouds,RU,2020-11-08 14:12:07
199,Sawakin,19.11,37.33,87.13,62,23,9.91,few clouds,SD,2020-11-08 14:18:44
200,Luderitz,-26.65,15.16,68.2,57,0,21.7,clear sky,NA,2020-11-08 14:15:05
201,Fuyang,32.9,115.82,56.48,36,0,6.17,clear sky,CN,2020-11-08 14:15:39
202,Soloneshnoye,51.65,84.32,45.75,56,99,8.86,light rain,RU,2020-11-08 14:18:44
203,Kholtoson,50.3,103.31,25.41,92,0,4.09,clear sky,RU,2020-11-08 14:18:44
204,Lamu,-2.27,40.9,84.2,70,40,10.29,scattered clouds,KE,2020-11-08 14:15:00
205,Raufoss,60.73,10.62,37.0,98,0,1.01,clear sky,NO,2020-11-08 14:18:45
206,Yumen,40.28,97.2,32.68,78,0,2.33,clear sky,CN,2020-11-08 14:18:45
207,San Antonio,29.42,-98.49,66.2,93,90,3.36,overcast clouds,US,2020-11-08 14:16:31
208,Muzaffargarh,30.08,71.19,75.2,60,0,4.52,smoke,PK,2020-11-08 14:18:45
209,Xichang,27.9,102.26,55.94,70,57,3.15,broken clouds,CN,2020-11-08 14:18:43
210,Sao Filipe,14.9,-24.5,81.68,68,100,13.4,overcast clouds,CV,2020-11-08 14:15:48
211,Broken Hill,-31.95,141.43,69.8,22,37,8.05,scattered clouds,AU,2020-11-08 14:14:53
212,Ronne,55.1,14.71,51.8,76,0,1.12,clear sky,DK,2020-11-08 14:18:46
213,Pacific Grove,36.62,-121.92,53.01,78,26,7.0,scattered clouds,US,2020-11-08 14:15:45
214,Cockburn Town,21.46,-71.14,80.65,79,100,23.06,overcast clouds,TC,2020-11-08 14:18:46
215,Te Anau,-45.42,167.72,39.0,88,0,2.53,clear sky,NZ,2020-11-08 14:12:37
216,Rennes,48.17,-1.67,66.2,72,0,6.93,clear sky,FR,2020-11-08 14:17:30
217,Airai,-8.93,125.41,63.27,89,100,1.88,overcast clouds,TL,2020-11-08 14:15:42
218,Valparaiso,-33.04,-71.63,57.0,100,90,9.17,light intensity drizzle,CL,2020-11-08 14:11:56
219,Usinsk,65.99,57.53,28.08,99,89,6.76,light snow,RU,2020-11-08 14:18:47
220,Penzance,50.12,-5.54,57.2,93,4,12.75,clear sky,GB,2020-11-08 14:18:47
221,Heihe,50.24,127.49,6.8,65,0,2.24,clear sky,CN,2020-11-08 14:18:47
222,Kiama,-34.68,150.87,60.01,85,85,3.51,overcast clouds,AU,2020-11-08 14:18:47
223,Richards Bay,-28.78,32.04,82.65,68,0,9.4,clear sky,ZA,2020-11-08 14:14:23
224,Maceio,-9.67,-35.74,84.2,62,75,6.93,broken clouds,BR,2020-11-08 14:15:30
225,Healesville,-37.65,145.52,53.01,99,0,2.48,clear sky,AU,2020-11-08 14:18:48
226,Batemans Bay,-35.72,150.18,61.0,89,94,2.53,overcast clouds,AU,2020-11-08 14:18:48
227,Turukhansk,65.82,87.98,32.29,98,100,14.0,overcast clouds,RU,2020-11-08 14:18:48
228,Linhai,28.85,121.12,54.21,70,0,3.51,clear sky,CN,2020-11-08 14:18:49
229,Nanortalik,60.14,-45.24,31.62,97,100,10.94,overcast clouds,GL,2020-11-08 14:12:41
230,Rafaela,-31.25,-61.49,75.99,45,100,7.0,overcast clouds,AR,2020-11-08 14:18:49
231,Latehar,23.75,84.5,62.56,60,0,2.59,clear sky,IN,2020-11-08 14:18:49
232,Uhlove,44.82,33.6,55.02,71,0,4.83,clear sky,UA,2020-11-08 14:18:49
233,Salinas,36.68,-121.66,53.6,62,40,17.22,scattered clouds,US,2020-11-08 14:15:40
234,Clyde River,70.47,-68.59,1.4,64,1,13.87,clear sky,CA,2020-11-08 14:10:58
235,Margate,51.38,1.39,59.0,76,54,5.01,broken clouds,GB,2020-11-08 14:15:41
236,Salinopolis,-0.61,-47.36,86.63,66,36,15.95,scattered clouds,BR,2020-11-08 14:11:30
237,Sydney,-33.87,151.21,62.01,72,75,5.82,light intensity shower rain,AU,2020-11-08 14:13:47
238,Gurupi,-11.73,-49.07,92.12,43,57,9.84,broken clouds,BR,2020-11-08 14:15:36
239,Marfino,55.7,37.38,71.38,87,75,15.66,light rain,RU,2020-11-08 14:18:50
240,Ancud,-41.87,-73.82,66.0,62,0,13.87,clear sky,CL,2020-11-08 14:14:52
241,Kayes,14.0,-11.0,100.83,8,0,9.06,clear sky,ML,2020-11-08 14:18:51
242,Cajabamba,-7.62,-78.05,61.86,53,62,6.53,broken clouds,PE,2020-11-08 14:18:51
243,Lagoa,39.05,-27.98,59.83,74,84,14.47,light rain,PT,2020-11-08 14:14:53
244,Westport,41.14,-73.36,61.0,76,1,3.36,clear sky,US,2020-11-08 14:14:42
245,Russell,32.35,-85.2,68.0,82,90,5.82,overcast clouds,US,2020-11-08 14:18:51
246,Andrews,32.32,-102.55,57.2,71,1,13.87,clear sky,US,2020-11-08 14:14:03
247,Birobidzhan,48.8,132.95,26.91,87,81,7.0,broken clouds,RU,2020-11-08 14:18:51
248,Vila Velha,-20.33,-40.29,84.2,70,40,11.41,scattered clouds,BR,2020-11-08 14:14:52
249,Pingxiang,27.62,113.85,57.74,53,0,3.67,light rain,CN,2020-11-08 14:18:52
250,Iquique,-20.22,-70.14,66.2,55,0,12.75,clear sky,CL,2020-11-08 14:15:27
251,Srandakan,-7.94,110.25,79.29,81,64,4.61,broken clouds,ID,2020-11-08 14:15:54
252,Odessa,46.48,30.73,55.4,71,0,8.95,clear sky,UA,2020-11-08 14:18:52
253,Alofi,-19.06,-169.92,68.0,94,9,2.24,light rain,NU,2020-11-08 14:15:49
254,Baijiantan,45.63,85.18,39.11,63,0,2.1,clear sky,CN,2020-11-08 14:18:52
255,Holme,56.11,10.17,53.6,76,0,5.82,clear sky,DK,2020-11-08 14:18:53
256,Ingham,42.6,-84.38,55.4,76,1,6.93,clear sky,US,2020-11-08 14:18:53
257,Luwuk,-0.95,122.79,77.16,59,36,3.51,scattered clouds,ID,2020-11-08 14:18:53
258,Katsuura,35.13,140.3,62.01,57,29,3.0,light rain,JP,2020-11-08 14:14:35
259,Arlit,18.74,7.39,85.89,15,0,1.68,clear sky,NE,2020-11-08 14:18:53
260,Staritsa,56.51,34.94,45.64,85,93,11.21,light rain,RU,2020-11-08 14:18:53
261,Kununurra,-15.77,128.73,84.2,48,97,3.36,overcast clouds,AU,2020-11-08 14:18:54
262,Kapuskasing,49.42,-82.43,42.8,100,50,4.7,scattered clouds,CA,2020-11-08 14:18:54
263,Belyy Yar,53.6,91.39,28.4,92,16,2.24,few clouds,RU,2020-11-08 14:18:54
264,Porto Novo,6.5,2.6,86.0,70,20,5.82,few clouds,BJ,2020-11-08 14:18:54
265,Pinega,64.7,43.39,36.12,83,100,11.77,light rain,RU,2020-11-08 14:18:54
266,Dongsheng,39.82,109.98,35.28,74,0,3.83,clear sky,CN,2020-11-08 14:18:54
267,Tadine,-21.55,167.88,72.21,78,25,12.44,scattered clouds,NC,2020-11-08 14:18:55
268,Portland,45.52,-122.68,37.99,69,20,4.7,few clouds,US,2020-11-08 14:09:58
269,Iona,26.52,-81.96,75.99,100,75,17.22,light rain,US,2020-11-08 14:18:55
270,Maldonado,-34.67,-54.92,73.0,77,20,4.7,few clouds,UY,2020-11-08 14:15:26
271,Hovd,48.01,91.64,28.72,89,0,0.58,clear sky,MN,2020-11-08 14:16:10
272,Ponta Do Sol,32.67,-17.1,71.6,64,40,4.7,scattered clouds,PT,2020-11-08 14:11:58
273,Victoria,22.29,114.16,78.01,67,57,11.88,broken clouds,HK,2020-11-08 14:14:40
274,Gravdal,68.12,13.5,41.0,80,75,100.21,shower rain,NO,2020-11-08 14:18:55
275,Tura,25.52,90.22,66.9,87,0,3.78,clear sky,IN,2020-11-08 14:12:05
276,North Bend,43.41,-124.22,41.0,86,75,8.05,broken clouds,US,2020-11-08 14:18:56
277,Takoradi,4.88,-1.76,84.36,70,97,8.7,light rain,GH,2020-11-08 14:18:56
278,Tocopilla,-22.09,-70.2,69.64,48,5,7.7,clear sky,CL,2020-11-08 14:18:56
279,Longyearbyen,78.22,15.64,30.2,80,75,18.34,light snow,SJ,2020-11-08 14:15:12
280,Palia Kalan,28.45,80.58,68.59,41,0,3.62,clear sky,IN,2020-11-08 14:18:56
281,Bonavista,48.65,-53.11,37.0,69,95,6.93,overcast clouds,CA,2020-11-08 14:18:57
282,Hanmer Springs,-42.52,172.82,34.74,87,30,1.12,scattered clouds,NZ,2020-11-08 14:18:57
283,Acarau,-2.89,-40.12,90.05,52,16,20.65,few clouds,BR,2020-11-08 14:18:57
284,Constitucion,-35.33,-72.42,65.53,52,70,4.14,broken clouds,CL,2020-11-08 14:14:33
285,Miraflores,19.22,-98.81,48.2,87,5,6.93,clear sky,MX,2020-11-08 14:15:15
286,Gasa,31.5,34.47,73.99,41,98,3.0,overcast clouds,PS,2020-11-08 14:16:03
287,Lerwick,60.15,-1.15,50.0,87,40,12.75,scattered clouds,GB,2020-11-08 14:18:58
288,Okha,53.57,142.95,25.29,93,100,17.96,snow,RU,2020-11-08 14:18:59
289,Kieta,-6.22,155.63,79.52,79,87,2.86,light rain,PG,2020-11-08 14:18:59
290,Codrington,-38.27,141.97,49.1,89,0,8.77,clear sky,AU,2020-11-08 14:16:08
291,Ushibuka,32.19,130.02,62.4,65,30,19.1,scattered clouds,JP,2020-11-08 14:18:59
292,Mabaruma,8.2,-59.78,82.29,87,98,5.1,heavy intensity rain,GY,2020-11-08 14:19:00
293,Batangafo,7.3,18.28,94.82,34,9,1.1,clear sky,CF,2020-11-08 14:19:00
294,Aasiaat,68.71,-52.87,3.74,87,30,6.71,scattered clouds,GL,2020-11-08 14:15:37
295,Mumford,5.26,-0.76,83.46,72,68,9.46,broken clouds,GH,2020-11-08 14:19:00
296,Nara,34.69,135.8,59.0,55,47,8.41,scattered clouds,JP,2020-11-08 14:14:54
297,Pevek,69.7,170.31,11.73,95,83,2.39,broken clouds,RU,2020-11-08 14:12:06
298,Mehamn,71.04,27.85,35.2,85,100,27.29,overcast clouds,NO,2020-11-08 14:14:31
299,Padang,-0.95,100.35,77.83,77,100,2.24,heavy intensity rain,ID,2020-11-08 14:14:10
300,Gari,59.43,62.35,30.67,98,100,8.66,overcast clouds,RU,2020-11-08 14:19:02
301,Barrow,71.29,-156.79,21.2,85,90,21.92,overcast clouds,US,2020-11-08 14:10:02
302,San Quintin,30.48,-115.95,57.6,63,59,4.29,broken clouds,MX,2020-11-08 14:14:51
303,Erzin,36.96,36.2,75.99,36,0,2.37,clear sky,TR,2020-11-08 14:19:02
304,Ginir,7.13,40.7,63.54,86,51,7.07,light rain,ET,2020-11-08 14:16:02
305,Touros,-5.2,-35.46,80.6,78,75,17.22,shower rain,BR,2020-11-08 14:12:27
306,Hualmay,-11.1,-77.61,65.79,70,76,10.56,broken clouds,PE,2020-11-08 14:15:08
307,Qaqortoq,60.72,-46.03,33.8,80,100,10.29,light intensity shower rain,GL,2020-11-08 14:19:03
308,Minab,27.15,57.08,82.4,65,20,9.17,few clouds,IR,2020-11-08 14:19:03
309,Ribeira Grande,38.52,-28.7,62.6,59,75,11.41,broken clouds,PT,2020-11-08 14:14:36
310,Pitimbu,-7.47,-34.81,84.2,66,75,18.34,broken clouds,BR,2020-11-08 14:19:03
311,Razole,16.48,81.83,74.1,65,0,4.03,clear sky,IN,2020-11-08 14:19:03
312,Riom,45.92,2.92,68.0,52,75,8.05,broken clouds,FR,2020-11-08 14:19:04
313,Mapiripan,2.89,-72.13,82.62,71,96,4.68,light rain,CO,2020-11-08 14:19:04
314,Mulki,13.1,74.8,84.2,79,20,3.36,few clouds,IN,2020-11-08 14:19:04
315,Mount Isa,-20.73,139.5,80.6,13,93,3.36,overcast clouds,AU,2020-11-08 14:14:40
316,Kaohsiung,22.62,120.31,73.4,73,75,6.93,broken clouds,TW,2020-11-08 14:13:06
317,Ust-Nera,64.57,143.2,-13.04,80,19,4.18,few clouds,RU,2020-11-08 14:19:05
318,Guerrero Negro,27.98,-114.06,61.05,68,0,12.03,clear sky,MX,2020-11-08 14:14:44
319,High Level,58.52,-117.14,10.4,92,75,3.18,mist,CA,2020-11-08 14:19:05
320,La Palma,33.85,-118.05,53.6,71,90,13.78,overcast clouds,US,2020-11-08 14:19:05
321,Tulun,54.56,100.58,33.64,91,74,5.48,broken clouds,RU,2020-11-08 14:19:05
322,Santa Maria Del Oro,25.93,-105.37,53.87,55,0,4.38,clear sky,MX,2020-11-08 14:19:06
323,Korla,41.76,86.15,39.36,61,5,0.76,clear sky,CN,2020-11-08 14:19:06
324,Gaomi,36.38,119.75,48.0,45,0,6.71,clear sky,CN,2020-11-08 14:19:06
325,Brandon,27.94,-82.29,77.0,83,75,12.75,broken clouds,US,2020-11-08 14:15:07
326,Ogulin,45.27,15.23,64.4,42,0,3.36,clear sky,HR,2020-11-08 14:19:06
327,Paka,4.64,103.44,78.8,94,98,3.91,overcast clouds,MY,2020-11-08 14:19:06
328,Mount Gambier,-37.83,140.77,53.6,87,16,4.7,few clouds,AU,2020-11-08 14:11:53
329,Tasiilaq,65.61,-37.64,30.2,86,100,32.21,snow,GL,2020-11-08 14:14:38
330,Brae,60.4,-1.35,50.0,87,40,12.75,scattered clouds,GB,2020-11-08 14:14:45
331,Bambanglipuro,-7.95,110.28,79.18,81,61,4.56,broken clouds,ID,2020-11-08 14:19:07
332,Lata,40.16,-8.33,60.01,91,96,1.99,light rain,PT,2020-11-08 14:14:40
333,Los Llanos De Aridane,28.66,-17.92,75.2,53,20,5.82,few clouds,ES,2020-11-08 14:14:35
334,Leningradskiy,69.38,178.42,18.25,95,100,5.06,overcast clouds,RU,2020-11-08 14:12:10
335,Isangel,-19.55,169.27,75.69,85,29,15.01,scattered clouds,VU,2020-11-08 14:15:39
336,Chidambaram,11.4,79.7,81.1,75,0,15.21,clear sky,IN,2020-11-08 14:19:08
337,Bengkulu,-3.8,102.27,77.54,87,100,7.92,moderate rain,ID,2020-11-08 14:14:37
338,Souillac,-20.52,57.52,77.0,78,40,11.41,scattered clouds,MU,2020-11-08 14:14:25
339,Yeppoon,-23.13,150.73,71.6,68,23,12.75,few clouds,AU,2020-11-08 14:19:08
340,Cap Malheureux,-19.98,57.61,75.0,79,2,5.01,clear sky,MU,2020-11-08 14:15:57
341,Ejea De Los Caballeros,42.13,-1.14,62.6,63,100,14.99,overcast clouds,ES,2020-11-08 14:19:09
342,Chapais,49.78,-74.85,33.8,100,90,5.82,mist,CA,2020-11-08 14:16:27
343,Noshiro,40.2,140.02,44.31,63,99,25.57,light rain,JP,2020-11-08 14:19:09
344,Yulara,-25.24,130.99,86.0,17,84,11.41,broken clouds,AU,2020-11-08 14:15:24
345,Monterey,36.25,-121.25,53.6,62,40,17.22,scattered clouds,US,2020-11-08 14:19:09
346,Cidreira,-30.18,-50.21,69.75,80,98,14.65,overcast clouds,BR,2020-11-08 14:14:27
347,Juruti,-2.15,-56.09,90.52,52,0,7.29,clear sky,BR,2020-11-08 14:19:10
348,Gizo,-8.1,156.84,83.08,73,99,6.44,overcast clouds,SB,2020-11-08 14:19:10
349,Matay,28.42,30.78,77.95,35,69,12.44,broken clouds,EG,2020-11-08 14:16:05
350,Northam,51.03,-4.22,59.0,88,7,1.99,clear sky,GB,2020-11-08 14:19:10
351,Selma,36.57,-119.61,48.2,87,90,4.7,overcast clouds,US,2020-11-08 14:19:10
352,Takanosu,40.22,140.37,40.53,70,100,12.66,overcast clouds,JP,2020-11-08 14:19:11
353,Kendari,-3.94,122.5,77.16,83,77,1.95,broken clouds,ID,2020-11-08 14:19:11
354,Kemijarvi,66.71,27.43,30.52,92,4,7.29,clear sky,FI,2020-11-08 14:19:11
355,Kadoma,34.73,135.58,57.99,59,18,10.16,few clouds,JP,2020-11-08 14:19:11
356,Cocorit,27.58,-109.97,75.2,78,20,10.29,fog,MX,2020-11-08 14:19:11
357,Marechal Candido Rondon,-24.56,-54.06,89.96,29,10,8.46,clear sky,BR,2020-11-08 14:19:12
358,San Patricio,28.02,-97.52,70.0,100,40,6.93,mist,US,2020-11-08 14:14:42
359,Ketchikan,55.34,-131.65,33.8,100,1,3.36,clear sky,US,2020-11-08 14:18:09
360,Ossora,59.24,163.07,24.58,88,0,5.97,clear sky,RU,2020-11-08 14:15:55
361,Kungurtug,50.6,97.52,26.31,92,0,3.06,clear sky,RU,2020-11-08 14:15:42
362,Pavlodar,52.3,76.95,46.4,65,90,11.18,light intensity shower rain,KZ,2020-11-08 14:19:12
363,Bima,-8.47,118.72,79.36,76,31,3.78,scattered clouds,ID,2020-11-08 14:19:12
364,Tucson,32.22,-110.93,48.99,57,1,6.93,clear sky,US,2020-11-08 14:17:50
365,Bukoba,-1.33,31.81,78.8,69,20,11.41,few clouds,TZ,2020-11-08 14:19:13
366,Lewisporte,49.25,-55.05,33.8,69,40,12.75,scattered clouds,CA,2020-11-08 14:19:13
367,Tazovskiy,67.47,78.7,25.56,99,100,2.82,light snow,RU,2020-11-08 14:19:13
368,Araouane,18.9,-3.53,93.15,11,34,14.41,scattered clouds,ML,2020-11-08 14:19:13
369,Magdagachi,53.45,125.8,2.95,89,0,6.49,clear sky,RU,2020-11-08 14:19:13
370,Kiruna,67.86,20.23,26.6,79,71,9.17,broken clouds,SE,2020-11-08 14:19:13
371,Tres Lagoas,-20.75,-51.68,97.41,18,0,7.78,clear sky,BR,2020-11-08 14:16:46
372,Aden,12.78,45.04,80.76,75,0,15.73,clear sky,YE,2020-11-08 14:17:18
373,Olinda,-8.01,-34.86,86.0,66,75,16.11,broken clouds,BR,2020-11-08 14:16:03
374,Rokytne,51.28,27.21,48.99,83,23,5.12,few clouds,UA,2020-11-08 14:19:14
375,Najran,17.49,44.13,89.6,14,0,11.41,clear sky,SA,2020-11-08 14:19:14
376,Christchurch,-43.53,172.63,44.6,81,56,5.82,broken clouds,NZ,2020-11-08 14:19:14
377,Bandarbeyla,9.49,50.81,77.9,80,25,13.96,scattered clouds,SO,2020-11-08 14:19:14
378,Laguna De Perlas,12.34,-83.67,77.0,94,20,4.7,few clouds,NI,2020-11-08 14:19:14
379,Roma,43.21,-75.46,57.0,76,1,1.21,clear sky,US,2020-11-08 14:15:11
380,Akdepe,42.06,59.38,51.8,62,0,13.87,clear sky,TM,2020-11-08 14:19:15
381,Osoyoos,49.03,-119.45,37.4,37,95,24.16,overcast clouds,CA,2020-11-08 14:19:15
382,Pucallpa,-8.38,-74.55,82.4,74,40,3.36,scattered clouds,PE,2020-11-08 14:19:15
383,Vilhena,-12.74,-60.15,82.4,69,0,10.29,clear sky,BR,2020-11-08 14:15:43
384,Bethel,41.37,-73.41,57.99,93,1,3.56,clear sky,US,2020-11-08 14:12:26
385,Koslan,63.46,48.9,33.22,94,100,12.71,overcast clouds,RU,2020-11-08 14:19:15
386,Price,39.6,-110.81,30.2,63,20,4.7,few clouds,US,2020-11-08 14:14:55
387,Lorengau,-2.02,147.27,81.09,71,100,0.89,overcast clouds,PG,2020-11-08 14:15:36
388,Hamilton,39.18,-84.53,60.01,66,1,3.36,clear sky,US,2020-11-08 14:15:46
389,Bagojo,25.87,-109.12,73.99,94,11,3.0,few clouds,MX,2020-11-08 14:19:16
390,Singarayakonda,15.25,80.03,79.23,76,0,7.18,clear sky,IN,2020-11-08 14:19:16
391,Vostok,46.49,135.88,18.93,99,100,4.43,overcast clouds,RU,2020-11-08 14:16:03
392,Jutai,-5.18,-68.9,79.65,85,100,1.01,light rain,BR,2020-11-08 14:19:16
393,Roald,62.58,6.13,44.6,93,75,5.82,light intensity drizzle,NO,2020-11-08 14:19:17
394,Pangkalanbuun,-2.68,111.62,75.67,93,67,1.25,heavy intensity rain,ID,2020-11-08 14:15:44
395,Hirado,33.36,129.55,59.0,58,0,5.99,clear sky,JP,2020-11-08 14:19:17
396,Vieques,18.43,-65.83,84.2,83,40,6.93,shower rain,PR,2020-11-08 14:19:17
397,Biskamzha,53.45,89.53,35.53,83,71,2.86,broken clouds,RU,2020-11-08 14:19:17
398,Machico,32.7,-16.77,71.6,64,40,5.82,scattered clouds,PT,2020-11-08 14:19:17
399,Carutapera,-1.2,-46.02,88.86,55,85,13.38,overcast clouds,BR,2020-11-08 14:15:48
400,Yuanping,38.72,112.76,41.61,52,0,2.77,clear sky,CN,2020-11-08 14:19:18
401,Dori,14.04,-0.03,94.91,10,0,12.77,clear sky,BF,2020-11-08 14:19:18
402,Zalesovo,53.99,84.74,38.17,80,100,8.32,overcast clouds,RU,2020-11-08 14:19:19
403,Chimore,-16.98,-65.13,98.44,20,2,4.12,clear sky,BO,2020-11-08 14:19:19
404,Bardsir,29.92,56.57,71.6,10,0,4.7,clear sky,IR,2020-11-08 14:19:20
405,Hamada,34.88,132.08,51.01,11,43,5.99,scattered clouds,JP,2020-11-08 14:19:20
406,Charagua,-19.8,-63.22,80.6,44,40,11.65,smoke,BO,2020-11-08 14:19:20
407,Petrinja,45.44,16.29,42.8,93,90,3.36,fog,HR,2020-11-08 14:19:20
408,Fort Nelson,58.81,-122.7,6.8,84,5,5.82,clear sky,CA,2020-11-08 14:16:07
409,Donskoye,45.46,41.97,53.67,76,0,11.18,clear sky,RU,2020-11-08 14:19:20
410,Ilulissat,69.22,-51.1,10.4,55,20,10.29,few clouds,GL,2020-11-08 14:15:08
411,Nambucca Heads,-30.65,153.0,62.6,67,90,5.82,overcast clouds,AU,2020-11-08 14:19:21
412,Rapid Valley,44.06,-103.15,55.4,53,1,8.05,clear sky,US,2020-11-08 14:19:21
413,Helong,42.54,129.0,24.48,77,0,11.1,clear sky,CN,2020-11-08 14:19:21
414,Oranjemund,-28.55,16.43,66.36,65,0,14.83,clear sky,NA,2020-11-08 14:16:15
415,Santa Barbara,34.73,-120.03,46.99,87,75,8.43,broken clouds,US,2020-11-08 14:15:40
416,Kruszwica,52.68,18.33,46.99,87,90,2.24,overcast clouds,PL,2020-11-08 14:19:21
417,Montepuez,-13.13,39.0,94.69,25,97,7.99,overcast clouds,MZ,2020-11-08 14:19:21
418,Hokitika,-42.72,170.97,43.07,75,48,6.67,scattered clouds,NZ,2020-11-08 14:19:21
419,Mutare,-18.97,32.67,92.39,18,13,8.95,few clouds,ZW,2020-11-08 14:19:22
420,Geraldton,-28.77,114.6,64.4,72,40,5.82,scattered clouds,AU,2020-11-08 14:14:56
421,Pasni,25.26,63.47,78.26,57,0,10.04,clear sky,PK,2020-11-08 14:19:22
422,Haimen,23.19,116.61,71.6,64,0,6.71,clear sky,CN,2020-11-08 14:19:22
423,Maarianhamina,60.1,19.93,42.8,75,0,4.7,clear sky,AX,2020-11-08 14:14:42
424,Zhigansk,66.77,123.37,-17.28,89,13,1.9,few clouds,RU,2020-11-08 14:12:05
425,Yerbogachen,61.28,108.01,17.4,96,100,8.95,overcast clouds,RU,2020-11-08 14:12:05
426,Goderich,43.75,-81.72,55.4,66,0,5.82,clear sky,CA,2020-11-08 14:12:28
427,Dingle,11.0,122.67,75.79,87,97,1.72,overcast clouds,PH,2020-11-08 14:12:47
428,Majene,-3.54,118.97,79.77,75,42,1.14,scattered clouds,ID,2020-11-08 14:19:23
429,Minsk,53.9,27.57,46.4,87,75,11.18,broken clouds,BY,2020-11-08 14:19:23
430,Meulaboh,4.14,96.13,76.17,92,100,5.64,moderate rain,ID,2020-11-08 14:15:48
431,Fortuna,40.6,-124.16,45.0,93,90,5.82,overcast clouds,US,2020-11-08 14:14:54
432,Elbasan,41.11,20.08,68.0,42,0,8.05,clear sky,AL,2020-11-08 14:19:23
433,Rakiv Lis,51.62,24.92,50.77,68,24,5.44,few clouds,UA,2020-11-08 14:19:24
434,Cardston,49.2,-113.3,14.0,85,100,17.22,snow,CA,2020-11-08 14:15:06
435,Labuhan,-6.88,112.21,83.35,71,100,1.39,overcast clouds,ID,2020-11-08 14:11:51
436,Erdenet,49.03,104.08,29.08,89,0,4.45,clear sky,MN,2020-11-08 14:19:24
437,Yunhe,34.08,119.72,50.31,51,0,1.99,clear sky,CN,2020-11-08 14:19:24
438,Salalah,17.02,54.09,84.2,66,0,6.93,clear sky,OM,2020-11-08 14:11:43
439,Lang Suan,9.95,99.08,80.6,88,20,4.7,heavy intensity rain,TH,2020-11-08 14:19:25
440,Kokopo,-4.35,152.26,77.5,87,47,5.17,light rain,PG,2020-11-08 14:19:25
441,Ondangwa,-17.92,15.95,104.0,10,0,3.36,clear sky,NA,2020-11-08 14:19:25
442,Thinadhoo,0.53,72.93,84.87,73,74,10.87,broken clouds,MV,2020-11-08 14:19:25
443,Namibe,-15.2,12.15,78.8,65,75,13.87,broken clouds,AO,2020-11-08 14:19:25
444,Hong Gai,20.96,107.09,75.2,83,0,5.12,clear sky,VN,2020-11-08 14:19:26
445,Laem Sing,12.48,102.07,79.0,10,74,11.27,broken clouds,TH,2020-11-08 14:19:26
446,Khani,41.96,42.96,59.0,72,75,3.36,broken clouds,GE,2020-11-08 14:12:17
447,Sadiqabad,28.31,70.13,74.41,20,0,4.12,clear sky,PK,2020-11-08 14:19:26
448,Forestville,38.85,-76.88,61.0,100,1,2.13,clear sky,US,2020-11-08 14:19:26
449,Port Lincoln,-34.73,135.87,63.91,63,18,14.2,few clouds,AU,2020-11-08 14:14:55
450,Birao,10.28,22.79,95.0,18,0,3.83,clear sky,CF,2020-11-08 14:16:33
451,Griffith,41.53,-87.42,60.01,67,90,4.7,overcast clouds,US,2020-11-08 14:19:26
452,Bara,10.37,10.73,91.4,19,75,5.82,broken clouds,NG,2020-11-08 14:19:27
453,Calama,-22.47,-68.93,68.0,9,0,14.99,clear sky,CL,2020-11-08 14:19:27
454,Karratha,-20.74,116.85,72.61,70,0,12.84,light rain,AU,2020-11-08 14:15:10
455,Hauterive,46.09,3.45,68.0,52,75,8.05,broken clouds,FR,2020-11-08 14:19:27
456,Zeya,53.75,127.27,5.18,82,0,5.21,clear sky,RU,2020-11-08 14:19:27
457,Makkaveyevo,51.75,113.95,21.2,92,100,1.25,overcast clouds,RU,2020-11-08 14:19:27
458,Aswan,24.09,32.91,82.98,20,0,4.88,clear sky,EG,2020-11-08 14:19:28
459,Shimada,34.82,138.18,62.01,53,0,5.99,clear sky,JP,2020-11-08 14:19:28
460,Kapra,17.48,78.56,75.2,56,0,3.36,haze,IN,2020-11-08 14:19:28
461,Marsh Harbour,26.54,-77.06,79.12,79,100,34.85,moderate rain,BS,2020-11-08 14:11:29
462,Grindavik,63.84,-22.43,41.0,80,75,10.29,broken clouds,IS,2020-11-08 14:15:38
463,Riga,57.0,24.08,48.2,70,40,8.05,scattered clouds,LV,2020-11-08 14:19:28
464,College,64.86,-147.8,30.2,74,90,9.17,shower rain,US,2020-11-08 14:14:53
465,Walvis Bay,-22.96,14.51,73.4,56,2,26.4,clear sky,NA,2020-11-08 14:19:29
466,Sovetskiy,61.36,63.58,28.9,96,100,3.58,overcast clouds,RU,2020-11-08 14:15:39
467,Harwich,51.94,1.28,60.01,84,90,4.0,overcast clouds,GB,2020-11-08 14:19:29
468,Srivardhan,18.03,73.02,80.38,71,0,5.03,clear sky,IN,2020-11-08 14:17:10
469,Svetlaya,46.54,138.33,32.95,82,100,8.68,overcast clouds,RU,2020-11-08 14:19:29
470,Adrar,20.5,-10.07,94.37,10,0,11.12,clear sky,MR,2020-11-08 14:11:52
471,Prosvet,55.57,65.08,33.26,91,92,10.67,overcast clouds,RU,2020-11-08 14:19:30
472,Saint-Pierre,-21.34,55.48,77.0,73,90,21.92,overcast clouds,RE,2020-11-08 14:19:30
473,Lasa,46.62,10.7,55.99,61,75,6.93,broken clouds,IT,2020-11-08 14:14:41
474,Huanren,41.26,125.37,28.54,79,0,1.83,clear sky,CN,2020-11-08 14:19:31
475,Mirabad,30.44,61.84,70.32,20,0,6.15,clear sky,AF,2020-11-08 14:19:31
476,Mut,36.64,33.44,66.09,31,0,4.38,clear sky,TR,2020-11-08 14:19:31
477,Fort-Shevchenko,44.51,50.26,48.85,65,41,13.24,scattered clouds,KZ,2020-11-08 14:19:31
478,Mountain Home,43.13,-115.69,32.0,91,20,14.99,light snow,US,2020-11-08 14:15:02
479,Komsomolskiy,40.43,71.72,55.4,32,100,2.24,mist,UZ,2020-11-08 14:16:11
480,Tezu,27.92,96.17,68.74,48,0,4.32,clear sky,IN,2020-11-08 14:19:31
481,Zhangye,38.93,100.45,45.28,40,0,6.35,clear sky,CN,2020-11-08 14:19:32
482,Fortuna Foothills,32.66,-114.41,48.99,65,1,3.78,clear sky,US,2020-11-08 14:18:06
483,Treuchtlingen,48.95,10.92,59.0,93,90,3.36,mist,DE,2020-11-08 14:19:32
484,Tskaltubo,42.33,42.6,59.0,72,75,3.36,broken clouds,GE,2020-11-08 14:19:33
485,Fleetwood,53.93,-3.01,55.0,93,75,8.05,broken clouds,GB,2020-11-08 14:19:33
486,Maiduguri,11.85,13.16,92.17,20,67,11.86,broken clouds,NG,2020-11-08 14:19:33
487,Ode,7.79,5.71,90.34,33,72,2.75,broken clouds,NG,2020-11-08 14:19:33
488,Hambantota,6.12,81.12,81.3,76,88,2.77,moderate rain,LK,2020-11-08 14:11:43
489,Bar Harbor,44.39,-68.2,51.01,87,75,10.29,broken clouds,US,2020-11-08 14:19:33
490,Evensk,61.95,159.23,9.27,87,94,12.73,overcast clouds,RU,2020-11-08 14:19:34
491,Zyryanka,65.75,150.85,-3.93,92,99,6.38,overcast clouds,RU,2020-11-08 14:14:44
492,Fertoszentmiklos,47.59,16.88,48.0,85,0,4.79,clear sky,HU,2020-11-08 14:19:34
493,Ixtapa,20.7,-105.2,75.0,88,5,6.93,clear sky,MX,2020-11-08 14:14:32
494,Nyuksenitsa,60.41,44.24,34.05,87,100,12.84,overcast clouds,RU,2020-11-08 14:19:34
495,Xiamen,24.48,118.08,71.6,40,0,17.9,clear sky,CN,2020-11-08 14:19:35
496,Albert Lea,43.65,-93.37,57.2,93,1,11.41,clear sky,US,2020-11-08 14:19:35
497,Kalety,50.56,18.89,55.0,62,0,10.29,clear sky,PL,2020-11-08 14:19:35
498,Deputatskiy,69.3,139.9,-11.78,91,96,3.27,overcast clouds,RU,2020-11-08 14:14:53
499,Acari,-15.43,-74.62,70.45,48,59,6.11,broken clouds,PE,2020-11-08 14:19:35
500,Rudbar,30.15,62.6,73.94,16,0,8.55,clear sky,AF,2020-11-08 14:19:36
501,Basco,20.45,121.97,79.72,85,100,29.59,light rain,PH,2020-11-08 14:19:36
502,Tbilisi,41.69,44.83,57.2,54,0,14.99,clear sky,GE,2020-11-08 14:19:36
503,Sobolevo,54.43,31.9,47.8,76,100,12.21,overcast clouds,RU,2020-11-08 14:16:20
504,Jaciara,-15.97,-54.97,93.9,36,48,9.31,scattered clouds,BR,2020-11-08 14:19:36
505,Karlstad,59.38,13.5,42.8,100,40,7.02,scattered clouds,SE,2020-11-08 14:18:35
506,Honjo,36.23,139.18,55.0,94,9,3.0,clear sky,JP,2020-11-08 14:19:37
507,Nouakchott,18.09,-15.98,102.2,12,0,8.05,clear sky,MR,2020-11-08 14:19:37
508,Inta,66.03,60.17,28.58,99,100,7.52,overcast clouds,RU,2020-11-08 14:19:37
509,Huesca,42.14,-0.41,60.8,59,20,1.12,few clouds,ES,2020-11-08 14:16:47
510,Fairbanks,64.84,-147.72,30.2,74,90,9.17,shower rain,US,2020-11-08 14:15:14
511,Curuca,-0.73,-47.85,89.62,57,47,9.06,scattered clouds,BR,2020-11-08 14:19:39
512,Pangnirtung,66.15,-65.71,6.4,75,60,3.62,broken clouds,CA,2020-11-08 14:12:06
513,Ambon,-3.7,128.18,78.01,15,100,5.68,overcast clouds,ID,2020-11-08 14:15:51
514,Nabire,-3.37,135.48,77.99,86,93,2.42,overcast clouds,ID,2020-11-08 14:19:39
515,Sistranda,63.73,8.83,44.6,81,40,9.17,shower rain,NO,2020-11-08 14:16:28
516,Sao Jose Da Coroa Grande,-8.9,-35.15,82.13,67,64,12.06,broken clouds,BR,2020-11-08 14:19:40
517,Kyaikkami,16.08,97.57,81.55,72,1,11.12,light rain,MM,2020-11-08 14:19:40
518,Kumluca,36.37,30.29,72.48,33,0,4.38,clear sky,TR,2020-11-08 14:19:41
519,Disna,55.57,28.2,47.93,80,43,9.22,scattered clouds,BY,2020-11-08 14:19:41
520,Miri,4.41,114.01,82.4,83,40,2.24,moderate rain,MY,2020-11-08 14:14:34
521,Voh,-20.97,164.7,70.59,76,4,8.32,clear sky,NC,2020-11-08 14:14:48
522,Makakilo City,21.35,-158.09,78.8,78,1,4.7,clear sky,US,2020-11-08 14:16:21
523,Mattru,7.62,-11.83,85.5,71,82,2.51,light rain,SL,2020-11-08 14:19:41
524,Tautira,-17.73,-149.15,75.2,83,20,3.36,few clouds,PF,2020-11-08 14:19:42
525,Pastavy,55.12,26.83,46.71,80,33,8.57,scattered clouds,BY,2020-11-08 14:19:42
526,Kosh-Agach,50.0,88.67,20.84,87,0,2.48,clear sky,RU,2020-11-08 14:19:42
527,Grand-Couronne,49.36,1.01,59.0,87,90,6.93,overcast clouds,FR,2020-11-08 14:19:43
528,Carai,-17.19,-41.69,73.74,78,100,3.98,overcast clouds,BR,2020-11-08 14:19:43
529,Mecca,21.43,39.83,86.76,48,0,14.45,clear sky,SA,2020-11-08 14:19:43
530,Sokoni,-6.43,39.55,87.8,66,20,11.41,few clouds,TZ,2020-11-08 14:19:43
531,Ubinskoye,55.31,79.68,46.22,54,100,18.19,overcast clouds,RU,2020-11-08 14:19:43
532,Phulpur,25.55,82.1,72.57,26,0,3.49,clear sky,IN,2020-11-08 14:19:43
533,Oeiras,-7.03,-42.13,92.08,44,17,9.06,few clouds,BR,2020-11-08 14:19:43
534,Batagay-Alyta,67.8,130.41,-13.88,79,0,1.23,clear sky,RU,2020-11-08 14:12:06
535,Kamra,33.75,73.51,66.2,37,0,4.54,clear sky,PK,2020-11-08 14:19:44
536,Nykoping,58.75,17.01,48.2,70,0,3.36,clear sky,SE,2020-11-08 14:19:44
537,Beloha,-25.17,45.05,94.23,27,0,14.14,clear sky,MG,2020-11-08 14:19:44
538,Mallow,52.13,-8.63,54.0,100,75,14.99,fog,IE,2020-11-08 14:19:44
539,Sarangani,5.4,125.46,83.26,75,100,8.39,overcast clouds,PH,2020-11-08 14:19:44
540,Maniitsoq,65.42,-52.9,17.71,83,0,16.51,clear sky,GL,2020-11-08 14:15:29
541,Quatre Cocos,-20.21,57.76,77.0,78,40,11.41,scattered clouds,MU,2020-11-08 14:15:38
542,Araguaina,-7.19,-48.21,89.78,51,90,11.59,overcast clouds,BR,2020-11-08 14:19:03
543,Okhotsk,59.38,143.3,7.59,88,0,18.23,clear sky,RU,2020-11-08 14:15:34
544,Nauta,-4.51,-73.58,86.83,63,100,0.34,overcast clouds,PE,2020-11-08 14:19:45
545,Banda Aceh,5.56,95.32,80.58,79,100,0.92,moderate rain,ID,2020-11-08 14:19:45
546,Kitama,-10.72,39.73,87.8,55,20,17.22,few clouds,TZ,2020-11-08 14:19:46
547,Dwarka,22.24,68.97,82.08,55,0,12.03,clear sky,IN,2020-11-08 14:16:21
548,Juba,4.85,31.58,81.27,67,100,3.15,overcast clouds,SS,2020-11-08 14:18:01
549,Acara,-1.96,-48.2,91.22,52,39,5.97,scattered clouds,BR,2020-11-08 14:19:27
550,Kristiansund,63.11,7.73,44.6,75,75,6.93,broken clouds,NO,2020-11-08 14:19:46
551,Le Port,-20.94,55.29,75.2,73,75,17.22,broken clouds,RE,2020-11-08 14:19:46
552,Kanniyakumari,8.08,77.57,82.72,74,52,9.75,moderate rain,IN,2020-11-08 14:19:47
553,Yarada,17.65,83.27,77.0,65,0,3.36,haze,IN,2020-11-08 14:19:47
554,Emerald,-23.53,148.17,71.6,64,53,13.87,broken clouds,AU,2020-11-08 14:15:49
555,Ryotsu,38.08,138.43,48.13,63,1,25.9,clear sky,JP,2020-11-08 14:19:47
556,Borujerd,33.9,48.75,64.4,42,40,6.93,scattered clouds,IR,2020-11-08 14:15:06
557,Marzuq,14.4,46.47,78.06,33,58,11.07,broken clouds,YE,2020-11-08 14:12:20
558,Menzelinsk,55.73,53.1,41.0,93,90,17.9,light rain,RU,2020-11-08 14:15:18
559,Ngunguru,-35.62,174.5,52.0,94,0,7.9,clear sky,NZ,2020-11-08 14:19:48
560,Grand-Santi,4.25,-54.38,86.77,56,70,5.7,broken clouds,GF,2020-11-08 14:14:49
561,Dharmabad,18.9,77.85,67.03,53,0,6.29,clear sky,IN,2020-11-08 14:19:48
562,Nelson Bay,-32.72,152.15,57.99,87,90,6.11,overcast clouds,AU,2020-11-08 14:19:48
563,Svirstroy,60.8,33.72,35.87,81,0,9.46,clear sky,RU,2020-11-08 14:19:48
564,Barranca,-10.75,-77.77,64.2,76,94,8.81,overcast clouds,PE,2020-11-08 14:19:49
565,Sangmelima,2.93,11.98,77.54,81,7,0.69,moderate rain,CM,2020-11-08 14:19:49
566,Poniatowa,51.18,22.13,53.6,76,0,6.93,clear sky,PL,2020-11-08 14:19:49
567,Sechura,-5.56,-80.82,67.93,68,13,8.79,few clouds,PE,2020-11-08 14:15:08
568,Nitra,48.31,18.08,55.99,66,20,6.93,few clouds,SK,2020-11-08 14:19:49
569,Grajewo,53.65,22.46,47.23,78,100,4.76,overcast clouds,PL,2020-11-08 14:19:50
570,Turan,16.07,108.22,78.8,83,75,14.99,broken clouds,VN,2020-11-08 14:15:02
571,Yamada,39.47,141.95,44.4,59,0,8.86,clear sky,JP,2020-11-08 14:19:50
572,Jawhar,2.78,45.5,81.7,76,74,7.96,moderate rain,SO,2020-11-08 14:19:50
573,Wanaka,-44.7,169.15,39.2,73,0,4.27,clear sky,NZ,2020-11-08 14:19:50
574,Nome,64.5,-165.41,26.6,79,1,8.05,clear sky,US,2020-11-08 14:11:51
575,Tynda,55.17,124.72,-2.11,87,72,4.63,broken clouds,RU,2020-11-08 14:19:50
576,Paliseul,49.9,5.14,64.0,71,89,1.01,overcast clouds,BE,2020-11-08 14:19:51
577,Marystown,47.17,-55.15,42.01,100,18,1.01,few clouds,CA,2020-11-08 14:19:51
578,Eastbourne,50.77,0.28,60.01,90,100,1.99,overcast clouds,GB,2020-11-08 14:15:05
579,Zhuhai,22.28,113.57,80.6,73,0,9.17,clear sky,CN,2020-11-08 14:15:52
580,Barra Patuca,15.8,-84.28,81.45,75,54,13.76,broken clouds,HN,2020-11-08 14:19:51
581,Gamba,-2.65,10.0,78.64,85,100,11.43,light rain,GA,2020-11-08 14:15:06
582,Cururupu,-1.83,-44.87,85.51,61,83,9.62,broken clouds,BR,2020-11-08 14:19:51
583,Gayny,60.31,54.32,31.96,98,99,10.6,overcast clouds,RU,2020-11-08 14:19:52
584,Srednekolymsk,67.45,153.68,-4.58,92,92,6.35,overcast clouds,RU,2020-11-08 14:12:20
585,Ust-Tsilma,65.44,52.15,32.22,98,96,6.6,overcast clouds,RU,2020-11-08 14:15:23
586,Garissa,-0.45,39.64,92.46,37,63,10.92,broken clouds,KE,2020-11-08 14:19:52
587,Osmanabad,18.17,76.05,70.95,43,0,12.1,clear sky,IN,2020-11-08 14:19:52
588,Chimbarongo,-34.7,-71.05,69.01,59,0,4.7,clear sky,CL,2020-11-08 14:19:52
589,Gorom-Gorom,14.44,-0.24,95.25,10,1,12.71,clear sky,BF,2020-11-08 14:19:53
590,Masalli,34.8,126.66,50.0,57,75,14.99,broken clouds,KR,2020-11-08 14:19:53
591,Saint-Denis,48.92,2.33,63.0,77,75,8.05,broken clouds,FR,2020-11-08 14:14:59
592,Opuwo,-18.06,13.84,97.41,10,41,8.25,scattered clouds,NA,2020-11-08 14:19:53
593,Vaitape,-16.52,-151.75,79.23,76,0,11.18,light rain,PF,2020-11-08 14:15:30
594,Soyo,-6.13,12.37,84.2,74,40,8.05,scattered clouds,AO,2020-11-08 14:14:26
595,Fare,-16.7,-151.02,79.25,76,16,11.54,few clouds,PF,2020-11-08 14:15:36
596,Otjiwarongo,-20.46,16.65,96.8,10,18,3.36,few clouds,NA,2020-11-08 14:19:53
597,Belaya Gora,68.53,146.42,-8.41,91,98,2.66,overcast clouds,RU,2020-11-08 14:19:54
598,Ewa Beach,21.32,-158.01,78.8,78,1,4.7,clear sky,US,2020-11-08 14:15:40
599,Leisure City,25.5,-80.43,77.0,88,90,18.34,overcast clouds,US,2020-11-08 14:19:54
600,Laguna,38.42,-121.42,46.0,70,1,8.05,clear sky,US,2020-11-08 14:10:46
601,Morondava,-20.28,44.28,83.55,66,8,11.56,clear sky,MG,2020-11-08 14:15:39
602,Aketi,2.74,23.78,89.51,52,71,2.48,broken clouds,CD,2020-11-08 14:19:55
603,Solone,48.21,34.87,53.6,71,0,11.18,clear sky,UA,2020-11-08 14:19:55
604,Akersberga,59.48,18.3,46.0,74,31,1.77,scattered clouds,SE,2020-11-08 14:19:55
605,Ferrol,43.48,-8.24,62.6,82,40,14.99,scattered clouds,ES,2020-11-08 14:19:55
606,Nagua,19.38,-69.85,77.0,94,40,9.4,scattered clouds,DO,2020-11-08 14:19:55
607,Omsukchan,62.53,155.8,-5.06,87,100,4.29,overcast clouds,RU,2020-11-08 14:19:56
608,San Miguel,13.48,-88.18,75.2,100,40,1.1,scattered clouds,SV,2020-11-08 14:19:56
609,Udachnyy,66.42,112.4,-2.2,84,0,8.95,clear sky,RU,2020-11-08 14:15:26
610,Aleksandro-Nevskiy,53.48,40.21,48.0,86,100,18.14,light rain,RU,2020-11-08 14:19:58
611,Coihaique,-45.58,-72.07,57.2,62,0,3.36,clear sky,CL,2020-11-08 14:11:40
612,Iyo,33.75,132.7,53.01,73,0,1.99,clear sky,JP,2020-11-08 14:19:59
613,Kralendijk,12.15,-68.27,86.0,74,40,14.99,scattered clouds,BQ,2020-11-08 14:17:02
614,Mishelevka,52.86,103.17,32.18,95,0,5.17,clear sky,RU,2020-11-08 14:19:59
615,Zhangzhou,24.51,117.66,71.6,40,0,17.9,light rain,CN,2020-11-08 14:19:59
616,Araguacu,-12.93,-49.83,92.05,41,41,8.52,scattered clouds,BR,2020-11-08 14:19:59
617,Puerto Del Rosario,28.5,-13.86,73.4,69,40,10.29,scattered clouds,ES,2020-11-08 14:19:59
618,Kavaratti,10.57,72.64,84.11,73,0,5.64,clear sky,IN,2020-11-08 14:15:15
619,Keflavik,64.0,-22.56,41.0,80,75,10.29,broken clouds,IS,2020-11-08 14:20:00
620,Beyneu,45.32,55.2,43.57,61,35,12.53,scattered clouds,KZ,2020-11-08 14:20:00
621,Comodoro Rivadavia,-45.87,-67.5,75.2,44,0,2.24,clear sky,AR,2020-11-08 14:15:01
622,Coahuayana,18.73,-103.68,69.8,73,5,3.27,clear sky,MX,2020-11-08 14:16:01
623,Kawalu,-7.38,108.21,72.84,92,9,0.76,clear sky,ID,2020-11-08 14:20:00
624,Juneau,58.3,-134.42,28.4,79,90,11.41,overcast clouds,US,2020-11-08 14:15:30
625,Sola,-13.88,167.55,81.18,82,27,16.6,light rain,VU,2020-11-08 14:16:01
626,Honningsvag,70.98,25.97,36.97,79,100,27.54,light rain,NO,2020-11-08 14:15:38
627,Inhuma,-6.67,-41.71,89.28,46,0,9.57,clear sky,BR,2020-11-08 14:20:01
628,Ferme-Neuve,46.7,-75.45,53.6,81,89,4.7,overcast clouds,CA,2020-11-08 14:20:01
629,Puerto Cabezas,14.04,-83.39,78.8,94,40,5.03,scattered clouds,NI,2020-11-08 14:20:02
630,Brigantine,39.41,-74.36,59.0,87,1,4.65,clear sky,US,2020-11-08 14:15:42
631,Great Yarmouth,52.61,1.73,60.01,82,20,8.05,few clouds,GB,2020-11-08 14:20:02
632,Amli,20.28,73.02,77.81,50,0,2.08,clear sky,IN,2020-11-08 14:20:02
633,Lae,-6.72,146.98,78.1,76,100,3.06,light rain,PG,2020-11-08 14:20:03
634,Puerto Madryn,-42.77,-65.04,74.68,45,100,17.2,overcast clouds,AR,2020-11-08 14:20:03
635,Nouadhibou,20.93,-17.03,82.4,51,0,12.75,clear sky,MR,2020-11-08 14:14:41
636,Cordoba,-31.41,-64.18,73.0,56,0,11.41,light rain,AR,2020-11-08 14:16:18
637,Loa Janan,-0.58,117.09,75.02,92,10,2.04,clear sky,ID,2020-11-08 14:20:04
638,Baie-Comeau,49.22,-68.15,30.2,80,90,10.29,overcast clouds,CA,2020-11-08 14:14:27
639,Oktyabrskoye,43.06,44.74,51.8,53,0,4.47,clear sky,RU,2020-11-08 14:20:04
640,Kudahuvadhoo,2.67,72.89,84.78,71,42,5.35,scattered clouds,MV,2020-11-08 14:20:04
641,Turbat,26.0,63.04,76.82,31,0,8.84,clear sky,PK,2020-11-08 14:20:05
642,Humberto De Campos,-2.6,-43.46,91.29,49,36,11.34,scattered clouds,BR,2020-11-08 14:20:05
643,Santa Fe,-31.63,-60.7,80.01,51,100,7.0,overcast clouds,AR,2020-11-08 14:16:07
644,Avera,33.19,-82.53,68.0,82,90,10.29,overcast clouds,US,2020-11-08 14:15:03
645,Waipawa,-41.41,175.52,51.8,71,99,27.51,overcast clouds,NZ,2020-11-08 14:14:57
646,Machhlishahr,25.68,82.42,75.2,73,0,2.24,haze,IN,2020-11-08 14:20:05
647,San Andres,12.58,-81.7,82.4,83,40,13.87,scattered clouds,CO,2020-11-08 14:20:06
648,Sinnamary,5.38,-52.95,84.65,68,76,13.82,broken clouds,GF,2020-11-08 14:15:04
649,Pudozh,61.81,36.53,33.82,88,61,7.96,broken clouds,RU,2020-11-08 14:20:06
650,Berberati,4.26,15.79,82.54,64,96,1.63,overcast clouds,CF,2020-11-08 14:20:06
651,Kurilsk,45.23,147.88,39.15,74,62,12.39,broken clouds,RU,2020-11-08 14:20:06
652,Bairiki,1.33,172.98,80.6,78,40,8.05,scattered clouds,KI,2020-11-08 14:16:25
653,Pocatello,42.87,-112.45,30.2,92,90,14.99,mist,US,2020-11-08 14:20:07
654,Puri,19.8,85.85,75.2,69,0,6.55,haze,IN,2020-11-08 14:20:07
655,Kloulklubed,7.04,134.26,77.0,88,90,14.99,shower rain,PW,2020-11-08 14:20:07
656,Mitsamiouli,-11.38,43.28,81.36,75,33,11.05,scattered clouds,KM,2020-11-08 14:16:16
657,Bolotnoye,55.67,84.4,43.05,63,100,18.52,overcast clouds,RU,2020-11-08 14:20:07
658,Amga,60.9,131.96,-5.17,90,100,3.0,overcast clouds,RU,2020-11-08 14:20:07
659,Uddevalla,58.35,11.94,50.0,100,0,4.7,clear sky,SE,2020-11-08 14:20:07
660,Jaisalmer,26.91,70.92,77.22,18,0,2.21,clear sky,IN,2020-11-08 14:20:08
661,Valentin Gomez Farias,28.22,-106.58,52.68,71,0,6.67,clear sky,MX,2020-11-08 14:20:08
662,Vilyuysk,63.76,121.62,-9.18,90,8,4.14,clear sky,RU,2020-11-08 14:20:08
663,La Primavera,5.49,-70.41,83.32,75,100,2.15,moderate rain,CO,2020-11-08 14:15:53
664,Luebo,-5.35,21.42,89.11,50,52,3.89,broken clouds,CD,2020-11-08 14:20:08
665,Kasempa,-13.46,25.83,96.58,11,15,6.44,few clouds,ZM,2020-11-08 14:20:08
666,Camopi,3.17,-52.32,89.1,52,67,6.89,broken clouds,GF,2020-11-08 14:15:53
667,Ballater,57.05,-3.04,48.0,91,100,1.01,moderate rain,GB,2020-11-08 14:16:15
668,Seminole,28.71,-81.21,77.0,83,95,4.0,overcast clouds,US,2020-11-08 14:20:09
669,Bata,1.86,9.77,82.4,88,40,10.29,scattered clouds,GQ,2020-11-08 14:20:09
670,Ayagoz,47.97,80.44,48.81,41,100,7.4,overcast clouds,KZ,2020-11-08 14:15:01
671,Itoman,26.12,127.67,75.2,69,75,24.16,light rain,JP,2020-11-08 14:20:10
672,Raudeberg,61.99,5.14,46.0,96,43,16.04,scattered clouds,NO,2020-11-08 14:15:02
673,Itamarandiba,-17.86,-42.86,74.41,75,100,3.13,overcast clouds,BR,2020-11-08 14:20:10
674,Aksay,47.26,39.87,51.8,81,20,15.66,few clouds,RU,2020-11-08 14:20:10
675,Naze,28.37,129.48,71.6,64,75,16.11,broken clouds,JP,2020-11-08 14:14:35
676,Quelimane,-17.88,36.89,89.6,62,75,17.22,broken clouds,MZ,2020-11-08 14:16:32
677,Rongcheng,30.63,117.85,54.9,55,0,2.89,clear sky,CN,2020-11-08 14:20:11
678,Zonguldak,41.25,31.83,53.62,72,0,3.47,clear sky,TR,2020-11-08 14:14:56
679,Katangli,51.71,143.23,22.84,94,83,12.68,broken clouds,RU,2020-11-08 14:20:11
680,Ust-Uda,54.17,103.03,30.22,97,0,4.52,clear sky,RU,2020-11-08 14:20:11
681,Zgorzelec,51.15,15.01,50.0,65,0,4.0,clear sky,PL,2020-11-08 14:20:12
682,Nisko,50.52,22.14,55.99,57,0,2.24,clear sky,PL,2020-11-08 14:20:12
683,Vigrestad,58.57,5.7,48.0,93,47,0.16,scattered clouds,NO,2020-11-08 14:20:12
684,Lensk,60.73,114.93,2.61,88,74,3.27,broken clouds,RU,2020-11-08 14:20:12
685,Simoes,-7.6,-40.82,89.29,40,0,12.41,clear sky,BR,2020-11-08 14:20:12
686,Gamboma,-1.88,15.86,82.27,76,91,4.79,moderate rain,CG,2020-11-08 14:20:12
687,Mpika,-11.83,31.45,89.92,15,23,8.77,few clouds,ZM,2020-11-08 14:15:29
688,Jidong,45.22,131.08,23.34,96,85,8.03,overcast clouds,CN,2020-11-08 14:20:13
